{
    "Despesas": 9708.849999999999,
    "Lucro": -9708.849999999999,
    "Ranking de Pedidos": {},
    "Receita": 0.0
}