{
    "Despesas": 9684.849999999999,
    "Lucro": -9684.849999999999,
    "Ranking de Pedidos": {},
    "Receita": 0.0
}