{
    "Despesas": 7188.8499999999995,
    "Lucro": -7188.8499999999995,
    "Ranking de Pedidos": {},
    "Receita": 0.0
}